epoch,batch,total_batches,time_instant,time_avg,data_instant,data_avg,xent_instant,xent_avg,htri_instant,htri_avg,acc_instant,acc_avg
1,10,590,0.057,0.384,0.0001,0.0227,6.7055,6.5699,0.1414,0.2417,0.0,1.09
1,20,590,0.057,0.221,0.0001,0.0114,6.3508,6.4925,0.1831,0.1919,0.0,0.78
1,30,590,0.057,0.166,0.0001,0.0076,6.226,6.4155,0.0847,0.1708,0.0,0.57
1,40,590,0.058,0.139,0.0001,0.0057,6.1567,6.3888,0.1565,0.1487,0.0,0.66
1,50,590,0.057,0.123,0.0001,0.0046,6.2525,6.3624,0.1041,0.1359,0.0,0.81
1,60,590,0.055,0.112,0.0001,0.0038,6.0294,6.328,0.043,0.1299,1.56,1.04
1,70,590,0.057,0.104,0.0001,0.0033,6.0007,6.2963,0.2343,0.1326,0.0,0.98
1,80,590,0.055,0.098,0.0001,0.0029,6.1269,6.2629,0.0994,0.1393,1.56,0.96
1,90,590,0.517,0.106,0.4631,0.0153,5.8928,6.2318,0.0216,0.1372,0.0,1.01
1,100,590,0.057,0.102,0.0001,0.0153,5.8399,6.2024,0.318,0.1434,0.0,1.06
1,110,590,0.057,0.098,0.0001,0.0139,5.6519,6.1693,0.02,0.1413,3.12,1.12
1,120,590,0.057,0.095,0.0001,0.0127,5.7036,6.1412,0.1743,0.1464,1.56,1.15
1,130,590,0.059,0.092,0.0001,0.0118,5.6979,6.1096,0.0788,0.1443,0.0,1.21
1,140,590,0.058,0.089,0.0001,0.0109,6.0234,6.089,0.2163,0.1448,1.56,1.23
1,150,590,0.057,0.087,0.0001,0.0102,5.6913,6.0663,0.1285,0.1455,3.12,1.24
1,160,590,0.058,0.085,0.0001,0.0096,5.6886,6.0426,0.1675,0.1445,1.56,1.32
1,170,590,0.057,0.084,0.0001,0.009,5.643,6.0185,0.2275,0.1462,0.0,1.36
1,180,590,0.058,0.082,0.0001,0.0085,5.6401,5.9986,0.1076,0.1469,3.12,1.43
1,190,590,0.057,0.081,0.0001,0.0081,5.4121,5.9792,0.3802,0.1468,1.56,1.51
1,200,590,0.057,0.08,0.0001,0.0077,5.3011,5.9549,0.1634,0.1452,3.12,1.54
1,210,590,0.057,0.079,0.0001,0.0073,5.5462,5.9381,0.2788,0.1451,0.0,1.57
1,220,590,0.057,0.078,0.0001,0.007,5.2917,5.9203,0.1848,0.1456,4.69,1.62
1,230,590,0.055,0.077,0.0001,0.0067,5.6176,5.9031,0.1614,0.1479,1.56,1.68
1,240,590,0.057,0.076,0.0001,0.0064,5.3709,5.8845,0.1209,0.1488,4.69,1.8
1,250,590,0.057,0.075,0.0001,0.0061,5.4355,5.866,0.0291,0.1498,3.12,1.86
1,260,590,0.057,0.074,0.0001,0.0059,5.6221,5.85,0.2207,0.1499,4.69,1.95
1,270,590,0.057,0.074,0.0001,0.0057,5.3775,5.8352,0.1727,0.1511,3.12,1.98
1,280,590,0.057,0.073,0.0001,0.0055,5.4154,5.8131,0.0959,0.1514,3.12,2.07
1,290,590,0.057,0.073,0.0001,0.0053,5.3708,5.7941,0.1473,0.1538,3.12,2.06
1,300,590,0.057,0.072,0.0001,0.0051,5.3721,5.7763,0.035,0.1548,4.69,2.13
1,310,590,0.055,0.072,0.0001,0.005,5.0816,5.7588,0.2768,0.1551,4.69,2.18
1,320,590,0.061,0.071,0.0001,0.0048,5.0516,5.7399,0.1836,0.1561,1.56,2.23
1,330,590,0.057,0.071,0.0001,0.0047,5.2008,5.7272,0.0439,0.157,6.25,2.25
1,340,590,0.058,0.071,0.0001,0.0045,5.2052,5.7133,0.2986,0.1571,1.56,2.3
1,350,590,0.058,0.07,0.0001,0.0044,5.0832,5.6962,0.137,0.1584,0.0,2.35
1,360,590,0.057,0.07,0.0001,0.0043,5.0655,5.6819,0.16,0.1588,7.81,2.4
1,370,590,0.058,0.069,0.0001,0.0042,5.2938,5.6666,0.1407,0.1596,4.69,2.45
1,380,590,0.058,0.069,0.0001,0.0041,4.9299,5.65,0.1922,0.1585,4.69,2.49
1,390,590,0.055,0.069,0.0001,0.004,5.3543,5.636,0.2394,0.1598,1.56,2.5
1,400,590,0.057,0.069,0.0001,0.0039,4.9555,5.6205,0.1813,0.1602,3.12,2.54
1,410,590,0.057,0.068,0.0001,0.0038,4.9539,5.6049,0.1723,0.1601,1.56,2.58
1,420,590,0.058,0.068,0.0001,0.0037,5.3939,5.5921,0.2139,0.1606,4.69,2.6
1,430,590,0.058,0.068,0.0001,0.0036,4.8554,5.577,0.3976,0.1624,4.69,2.66
1,440,590,0.058,0.068,0.0001,0.0035,4.8911,5.5659,0.2226,0.1634,9.38,2.67
1,450,590,0.057,0.067,0.0001,0.0034,5.099,5.5537,0.0718,0.1634,1.56,2.72
1,460,590,0.054,0.067,0.0001,0.0034,4.773,5.5405,0.1406,0.1635,9.38,2.79
1,470,590,0.055,0.067,0.0001,0.0033,5.1108,5.5296,0.1305,0.1643,6.25,2.85
1,480,590,0.055,0.067,0.0001,0.0032,4.6887,5.5167,0.1668,0.1634,7.81,2.89
1,490,590,0.054,0.066,0.0,0.0032,4.9302,5.5042,0.046,0.1633,1.56,2.94
1,500,590,0.057,0.067,0.0001,0.0036,4.9404,5.4927,0.3327,0.1647,0.0,2.95
1,510,590,0.057,0.066,0.0001,0.0035,5.0713,5.4843,0.1356,0.1649,6.25,2.97
1,520,590,0.055,0.066,0.0001,0.0034,4.8267,5.4733,0.0867,0.164,4.69,3.01
1,530,590,0.057,0.066,0.0001,0.0034,5.0385,5.4633,0.1518,0.1636,3.12,3.03
1,540,590,0.057,0.066,0.0001,0.0033,4.9066,5.4523,0.253,0.1633,6.25,3.06
1,550,590,0.058,0.066,0.0001,0.0032,4.5923,5.4407,0.2331,0.163,9.38,3.1
1,560,590,0.057,0.066,0.0001,0.0032,4.5713,5.4294,0.2275,0.1628,9.38,3.16
1,570,590,0.058,0.065,0.0002,0.0031,5.0817,5.4201,0.097,0.1627,6.25,3.21
1,580,590,0.058,0.065,0.0001,0.0031,4.7804,5.4091,0.0849,0.1621,6.25,3.27
1,590,590,0.052,0.065,0.0,0.003,4.8665,5.3964,0.2117,0.1628,3.12,3.33
2,10,590,0.055,0.079,0.0001,0.0221,4.9265,4.7207,0.1102,0.1442,4.69,6.41
2,20,590,0.055,0.067,0.0001,0.0111,4.8712,4.7281,0.2788,0.1727,0.0,5.55
2,30,590,0.055,0.064,0.0001,0.0074,4.886,4.7596,0.1176,0.1693,3.12,5.52
2,40,590,0.056,0.062,0.0001,0.0056,4.9239,4.7419,0.3575,0.1676,4.69,5.55
2,50,590,0.055,0.061,0.0001,0.0045,4.4647,4.7325,0.1024,0.169,12.5,5.88
2,60,590,0.055,0.06,0.0001,0.0037,4.7755,4.7241,0.0814,0.1597,1.56,6.25
2,70,590,0.058,0.059,0.0001,0.0032,4.6456,4.704,0.14,0.1558,7.81,6.58
2,80,590,0.055,0.059,0.0001,0.0028,4.5974,4.7049,0.2345,0.1577,9.38,6.58
2,90,590,0.055,0.058,0.0001,0.0025,4.6384,4.7055,0.2078,0.1601,4.69,6.58
2,100,590,0.055,0.058,0.0001,0.0023,4.6432,4.7005,0.0496,0.1571,3.12,6.5
2,110,590,0.058,0.058,0.0001,0.0021,4.3662,4.6872,0.2932,0.1592,12.5,6.59
2,120,590,0.055,0.058,0.0001,0.0019,4.879,4.6853,0.0,0.1626,4.69,6.55
2,130,590,0.057,0.058,0.0001,0.0018,4.5916,4.6795,0.1008,0.1663,4.69,6.6
2,140,590,0.055,0.058,0.0001,0.0016,4.4385,4.6743,0.0284,0.1662,6.25,6.55
2,150,590,0.058,0.058,0.0001,0.0015,4.4447,4.6691,0.0905,0.1637,6.25,6.54
2,160,590,0.055,0.057,0.0001,0.0014,4.5796,4.6603,0.1086,0.1623,1.56,6.53
2,170,590,0.058,0.057,0.0001,0.0014,4.3366,4.6541,0.0,0.1598,6.25,6.52
2,180,590,0.055,0.057,0.0001,0.0013,4.6344,4.6457,0.1445,0.1601,3.12,6.54
2,190,590,0.058,0.057,0.0001,0.0012,4.405,4.6341,0.1873,0.1597,7.81,6.62
2,200,590,0.055,0.057,0.0001,0.0012,4.5816,4.6257,0.1076,0.1596,7.81,6.6
2,210,590,0.057,0.057,0.0002,0.0011,4.7404,4.6261,0.2884,0.1617,9.38,6.61
2,220,590,0.055,0.057,0.0001,0.0011,4.6986,4.626,0.1767,0.1626,1.56,6.65
2,230,590,0.055,0.057,0.0001,0.001,4.5228,4.6201,0.1607,0.1628,6.25,6.64
2,240,590,0.055,0.057,0.0001,0.001,4.5511,4.6183,0.1341,0.1643,7.81,6.56
2,250,590,0.057,0.057,0.0001,0.0009,4.2841,4.6141,0.2155,0.1641,10.94,6.58
2,260,590,0.058,0.057,0.0001,0.0009,4.6279,4.6092,0.1041,0.1634,3.12,6.59
2,270,590,0.058,0.057,0.0001,0.0009,4.3434,4.6043,0.3509,0.1628,9.38,6.63
2,280,590,0.055,0.057,0.0001,0.0009,4.6149,4.5972,0.1844,0.1621,6.25,6.65
2,290,590,0.057,0.057,0.0001,0.0008,4.6742,4.5925,0.2953,0.1633,6.25,6.71
2,300,590,0.055,0.057,0.0001,0.0008,4.4968,4.5865,0.0902,0.1622,4.69,6.78
2,310,590,0.057,0.057,0.0001,0.0008,4.2012,4.5777,0.0947,0.1615,6.25,6.81
2,320,590,0.06,0.057,0.0001,0.0008,4.511,4.5706,0.0518,0.1609,3.12,6.89
2,330,590,0.057,0.057,0.0001,0.0007,4.0745,4.5661,0.0635,0.1606,12.5,6.97
2,340,590,0.055,0.057,0.0001,0.0007,4.2921,4.5587,0.0851,0.1609,7.81,7.04
2,350,590,0.057,0.057,0.0001,0.0007,4.3084,4.5547,0.0812,0.1603,9.38,7.06
2,360,590,0.056,0.057,0.0001,0.0007,4.2968,4.5481,0.2019,0.1597,7.81,7.14
2,370,590,0.058,0.057,0.0001,0.0007,4.433,4.5419,0.2616,0.1613,3.12,7.17
2,380,590,0.057,0.057,0.0001,0.0006,4.1162,4.5338,0.0343,0.16,6.25,7.2
2,390,590,0.057,0.057,0.0001,0.0006,4.2313,4.5317,0.116,0.1596,17.19,7.26
2,400,590,0.06,0.057,0.0001,0.0006,4.4613,4.5237,0.1276,0.1602,6.25,7.36
2,410,590,0.058,0.057,0.0001,0.0006,4.0103,4.5184,0.1991,0.1597,10.94,7.39
2,420,590,0.057,0.057,0.0001,0.0006,4.1925,4.5149,0.2481,0.1596,6.25,7.41
2,430,590,0.057,0.057,0.0001,0.0006,4.1519,4.5098,0.1663,0.16,18.75,7.51
2,440,590,0.06,0.057,0.0002,0.0006,4.3472,4.5048,0.2557,0.1606,6.25,7.57
2,450,590,0.058,0.057,0.0001,0.0006,4.405,4.4993,0.2342,0.1605,17.19,7.64
2,460,590,0.056,0.057,0.0001,0.0005,4.3054,4.4926,0.2035,0.161,6.25,7.71
2,470,590,0.057,0.057,0.0001,0.0005,4.3065,4.4867,0.124,0.1606,7.81,7.73
2,480,590,0.057,0.057,0.0001,0.0005,3.9185,4.4788,0.0919,0.1606,17.19,7.85
2,490,590,0.057,0.057,0.0001,0.0005,4.5093,4.4749,0.2098,0.1613,9.38,7.88
2,500,590,0.057,0.057,0.0001,0.0005,4.2562,4.4693,0.2583,0.1608,12.5,7.96
2,510,590,0.057,0.057,0.0001,0.0005,4.3558,4.465,0.0,0.1613,10.94,7.98
2,520,590,0.058,0.057,0.0001,0.0005,4.042,4.4606,0.1726,0.1623,15.62,8.01
2,530,590,0.058,0.057,0.0001,0.0005,4.2782,4.4574,0.1908,0.1619,7.81,8.06
2,540,590,0.057,0.057,0.0001,0.0005,4.0442,4.4512,0.0648,0.162,9.38,8.12
2,550,590,0.058,0.057,0.0001,0.0005,4.0875,4.4487,0.0242,0.162,10.94,8.14
2,560,590,0.058,0.057,0.0001,0.0005,4.0826,4.4442,0.1695,0.1619,12.5,8.17
2,570,590,0.057,0.057,0.0001,0.0005,4.4083,4.4394,0.3081,0.1618,4.69,8.19
2,580,590,0.059,0.057,0.0001,0.0004,3.8033,4.4331,0.4556,0.1614,20.31,8.26
2,590,590,0.052,0.057,0.0,0.0004,4.1694,4.4294,0.1747,0.1614,14.06,8.29
3,10,590,0.055,0.079,0.0001,0.023,4.1137,3.9965,0.1319,0.158,12.5,11.72
3,20,590,0.055,0.067,0.0001,0.0115,3.954,4.0431,0.0867,0.1829,10.94,12.27
3,30,590,0.055,0.063,0.0001,0.0077,3.7938,4.0749,0.1146,0.1836,12.5,11.56
3,40,590,0.055,0.062,0.0001,0.0058,4.0676,4.0609,0.1984,0.1744,9.38,10.98
3,50,590,0.055,0.06,0.0001,0.0046,3.8818,4.0489,0.2857,0.1737,10.94,11.59
3,60,590,0.057,0.06,0.0001,0.0039,4.3705,4.0635,0.0,0.1663,7.81,11.64
3,70,590,0.055,0.059,0.0001,0.0033,4.3546,4.0735,0.1163,0.1694,6.25,11.52
3,80,590,0.056,0.059,0.0001,0.0029,3.8925,4.0721,0.1508,0.1664,17.19,11.52
3,90,590,0.059,0.058,0.0001,0.0026,4.0832,4.0733,0.209,0.1634,7.81,11.46
3,100,590,0.058,0.058,0.0001,0.0024,3.5932,4.0548,0.369,0.1674,18.75,11.81
3,110,590,0.056,0.058,0.0001,0.0021,4.5051,4.0577,0.3371,0.1695,6.25,11.85
3,120,590,0.057,0.058,0.0001,0.002,3.856,4.0528,0.1452,0.1687,15.62,12.03
3,130,590,0.055,0.058,0.0001,0.0018,4.0357,4.0473,0.1803,0.1708,10.94,12.06
3,140,590,0.054,0.058,0.0001,0.0017,3.8619,4.0415,0.0472,0.1669,14.06,12.13
3,150,590,0.055,0.058,0.0001,0.0016,3.8812,4.0383,0.259,0.167,12.5,12.2
3,160,590,0.057,0.058,0.0001,0.0015,4.3305,4.0329,0.1291,0.1636,7.81,12.29
3,170,590,0.057,0.058,0.0001,0.0014,3.9969,4.0312,0.0847,0.1622,15.62,12.34
3,180,590,0.058,0.058,0.0001,0.0013,4.0944,4.0295,0.2153,0.1601,6.25,12.3
3,190,590,0.058,0.058,0.0001,0.0013,3.8339,4.0252,0.1538,0.1623,23.44,12.37
3,200,590,0.058,0.058,0.0001,0.0012,3.8659,4.0184,0.189,0.1628,17.19,12.52
3,210,590,0.056,0.058,0.0001,0.0012,4.1634,4.0165,0.1087,0.1642,10.94,12.48
3,220,590,0.058,0.058,0.0001,0.0011,3.8901,4.0106,0.1673,0.1649,10.94,12.55
3,230,590,0.055,0.057,0.0001,0.0011,3.9528,4.0104,0.1247,0.1645,15.62,12.51
3,240,590,0.057,0.057,0.0001,0.001,3.9056,4.008,0.1515,0.1637,12.5,12.49
3,250,590,0.055,0.057,0.0001,0.001,3.9373,4.0045,0.1951,0.1637,14.06,12.51
3,260,590,0.057,0.057,0.0001,0.0009,3.8505,3.9941,0.1029,0.1627,14.06,12.6
3,270,590,0.057,0.057,0.0001,0.0009,4.1668,3.9906,0.2665,0.1621,9.38,12.59
3,280,590,0.056,0.057,0.0001,0.0009,3.827,3.9875,0.1371,0.1617,17.19,12.53
3,290,590,0.062,0.057,0.0001,0.0009,4.0387,3.9848,0.0798,0.1628,12.5,12.52
3,300,590,0.058,0.057,0.0001,0.0008,3.7612,3.9781,0.3123,0.1615,15.62,12.6
3,310,590,0.058,0.057,0.0001,0.0008,4.1542,3.9768,0.1185,0.1608,7.81,12.61
3,320,590,0.055,0.057,0.0001,0.0008,4.0809,3.974,0.1049,0.1614,7.81,12.62
3,330,590,0.058,0.057,0.0001,0.0008,3.7659,3.9703,0.1202,0.1607,12.5,12.71
3,340,590,0.058,0.057,0.0001,0.0007,3.6534,3.9656,0.268,0.1602,20.31,12.74
3,350,590,0.056,0.057,0.0001,0.0007,3.8463,3.9602,0.1091,0.1606,12.5,12.78
3,360,590,0.061,0.057,0.0001,0.0007,3.4797,3.954,0.0959,0.1589,15.62,12.89
3,370,590,0.058,0.057,0.0001,0.0007,3.7355,3.9545,0.0845,0.1583,20.31,12.91
3,380,590,0.057,0.057,0.0001,0.0007,4.1017,3.9517,0.3254,0.1591,12.5,12.96
3,390,590,0.058,0.057,0.0001,0.0007,3.6979,3.9459,0.3612,0.1602,15.62,13.05
3,400,590,0.058,0.057,0.0001,0.0006,4.0386,3.9417,0.1697,0.1599,12.5,13.12
3,410,590,0.057,0.057,0.0001,0.0006,4.0895,3.9392,0.1194,0.1594,12.5,13.13
3,420,590,0.057,0.057,0.0001,0.0006,3.8738,3.9356,0.1075,0.1586,14.06,13.15
3,430,590,0.058,0.057,0.0001,0.0006,3.7963,3.9292,0.1684,0.1579,15.62,13.24
3,440,590,0.057,0.057,0.0001,0.0006,3.3881,3.9239,0.2709,0.158,23.44,13.31
3,450,590,0.055,0.057,0.0001,0.0006,4.119,3.9194,0.0988,0.1582,12.5,13.36
3,460,590,0.057,0.057,0.0001,0.0006,3.6421,3.9148,0.2274,0.1584,15.62,13.41
3,470,590,0.059,0.057,0.0001,0.0006,3.6678,3.9096,0.1023,0.1578,20.31,13.46
3,480,590,0.055,0.057,0.0001,0.0005,3.5513,3.9038,0.4543,0.1586,23.44,13.54
3,490,590,0.057,0.057,0.0001,0.0005,3.8575,3.8994,0.1866,0.1587,14.06,13.6
3,500,590,0.058,0.057,0.0001,0.0005,3.9774,3.897,0.0708,0.1585,14.06,13.66
3,510,590,0.057,0.057,0.0001,0.0005,3.6528,3.8929,0.3254,0.1582,17.19,13.7
3,520,590,0.058,0.057,0.0001,0.0005,3.4843,3.8887,0.1416,0.1583,17.19,13.75
3,530,590,0.058,0.057,0.0001,0.0005,3.6589,3.8846,0.0618,0.1577,12.5,13.77
3,540,590,0.055,0.057,0.0001,0.0005,3.5938,3.8807,0.269,0.1585,18.75,13.84
3,550,590,0.057,0.057,0.0001,0.0005,3.5728,3.8776,0.0863,0.1587,15.62,13.88
3,560,590,0.055,0.057,0.0001,0.0005,3.6908,3.8743,0.156,0.1586,12.5,13.89
3,570,590,0.058,0.057,0.0001,0.0005,3.4714,3.872,0.0393,0.1577,21.88,13.91
3,580,590,0.057,0.057,0.0002,0.0005,3.5948,3.8695,0.0334,0.1579,20.31,13.94
3,590,590,0.052,0.057,0.0,0.0005,3.8511,3.8653,0.0908,0.1576,10.94,13.99
4,10,590,0.057,0.079,0.0001,0.021,3.5447,3.6413,0.2559,0.1502,15.62,15.94
4,20,590,0.057,0.067,0.0001,0.0106,3.7223,3.6289,0.0977,0.1547,12.5,16.8
4,30,590,0.055,0.063,0.0001,0.0071,3.8027,3.6381,0.3106,0.1664,12.5,16.56
4,40,590,0.055,0.062,0.0001,0.0053,3.6183,3.6431,0.0053,0.1622,15.62,16.25
4,50,590,0.055,0.06,0.0001,0.0043,3.4326,3.6221,0.1386,0.1543,15.62,16.78
4,60,590,0.055,0.06,0.0001,0.0036,3.4275,3.6338,0.147,0.1533,17.19,16.95
4,70,590,0.057,0.059,0.0001,0.0031,3.4275,3.6185,0.1472,0.1529,23.44,17.37
4,80,590,0.055,0.059,0.0001,0.0027,3.8026,3.6081,0.0569,0.1532,14.06,17.5
4,90,590,0.057,0.058,0.0001,0.0024,3.277,3.6083,0.1833,0.1599,25.0,17.33
4,100,590,0.055,0.058,0.0001,0.0022,3.2605,3.5988,0.2813,0.1569,25.0,17.41
4,110,590,0.055,0.058,0.0001,0.002,3.5473,3.5929,0.316,0.1589,12.5,17.56
4,120,590,0.056,0.058,0.0001,0.0018,3.3161,3.5833,0.1298,0.1547,25.0,17.81
4,130,590,0.055,0.057,0.0001,0.0017,3.5772,3.5811,0.0822,0.1501,21.88,17.69
4,140,590,0.055,0.057,0.0001,0.0016,2.821,3.5688,0.065,0.1496,37.5,17.91
4,150,590,0.055,0.057,0.0001,0.0015,3.2908,3.5644,0.2468,0.1523,23.44,17.91
4,160,590,0.056,0.057,0.0001,0.0014,3.2093,3.5606,0.1339,0.1508,21.88,17.9
4,170,590,0.055,0.057,0.0001,0.0013,3.4518,3.5515,0.0232,0.1484,21.88,18.14
4,180,590,0.055,0.057,0.0001,0.0012,3.4886,3.5424,0.0774,0.1483,21.88,18.31
4,190,590,0.055,0.057,0.0001,0.0012,3.5318,3.5434,0.1609,0.1462,15.62,18.31
4,200,590,0.056,0.057,0.0001,0.0011,3.5933,3.5439,0.2097,0.1463,23.44,18.15
4,210,590,0.056,0.057,0.0001,0.0011,3.1664,3.5371,0.1124,0.1454,18.75,18.26
4,220,590,0.058,0.057,0.0001,0.001,3.4476,3.5372,0.3852,0.1467,17.19,18.22
4,230,590,0.056,0.057,0.0001,0.001,3.7696,3.5379,0.0168,0.1474,12.5,18.27
4,240,590,0.057,0.057,0.0001,0.001,3.5702,3.537,0.0448,0.1465,23.44,18.24
4,250,590,0.059,0.057,0.0001,0.0009,3.4221,3.5335,0.1589,0.1474,18.75,18.32
4,260,590,0.055,0.057,0.0001,0.0009,3.3939,3.5254,0.1209,0.1461,26.56,18.5
4,270,590,0.055,0.057,0.0001,0.0009,3.3315,3.5204,0.2308,0.1473,21.88,18.65
4,280,590,0.084,0.058,0.0289,0.0019,3.6773,3.5191,0.326,0.1459,18.75,18.64
4,290,590,0.055,0.058,0.0001,0.0018,3.6728,3.5141,0.2322,0.1463,15.62,18.76
4,300,590,0.057,0.058,0.0001,0.0017,3.5115,3.5119,0.1192,0.1469,20.31,18.71
4,310,590,0.058,0.058,0.0001,0.0017,3.5621,3.5088,0.0924,0.1453,14.06,18.73
4,320,590,0.057,0.058,0.0001,0.0016,3.3016,3.4984,0.1243,0.1458,14.06,18.86
4,330,590,0.058,0.058,0.0001,0.0016,3.2509,3.4938,0.1831,0.1474,23.44,18.84
4,340,590,0.057,0.058,0.0001,0.0015,3.0706,3.4895,0.0842,0.1461,28.12,18.93
4,350,590,0.058,0.058,0.0001,0.0015,3.5284,3.4826,0.0895,0.1466,12.5,19.06
4,360,590,0.055,0.058,0.0001,0.0015,3.2412,3.4763,0.0822,0.1477,21.88,19.12
4,370,590,0.057,0.058,0.0001,0.0014,3.1532,3.4724,0.1795,0.1468,28.12,19.18
4,380,590,0.058,0.058,0.0001,0.0014,2.978,3.4688,0.1511,0.1453,25.0,19.22
4,390,590,0.058,0.058,0.0001,0.0014,3.217,3.4653,0.2127,0.1454,28.12,19.33
4,400,590,0.057,0.058,0.0001,0.0013,3.5186,3.4619,0.1136,0.1457,21.88,19.39
4,410,590,0.059,0.058,0.0001,0.0013,3.4375,3.4575,0.2718,0.1454,21.88,19.46
4,420,590,0.058,0.058,0.0001,0.0013,3.4647,3.4571,0.1582,0.1457,20.31,19.46
4,430,590,0.058,0.058,0.0001,0.0012,3.4857,3.4564,0.059,0.1457,17.19,19.45
4,440,590,0.058,0.058,0.0001,0.0012,3.3226,3.4522,0.1725,0.1457,12.5,19.51
4,450,590,0.057,0.058,0.0001,0.0012,3.2121,3.4468,0.1301,0.1461,15.62,19.51
4,460,590,0.057,0.058,0.0001,0.0012,3.1949,3.4435,0.1137,0.1454,29.69,19.59
4,470,590,0.057,0.058,0.0001,0.0011,3.2853,3.441,0.1728,0.1458,21.88,19.6
4,480,590,0.057,0.058,0.0001,0.0011,3.5092,3.4383,0.1423,0.1462,18.75,19.62
4,490,590,0.057,0.058,0.0001,0.0011,3.4814,3.4352,0.3764,0.1461,12.5,19.63
4,500,590,0.057,0.058,0.0001,0.0011,3.6442,3.4308,0.0448,0.1455,20.31,19.7
4,510,590,0.057,0.058,0.0001,0.0011,3.1864,3.4278,0.1333,0.1455,26.56,19.77
4,520,590,0.058,0.058,0.0002,0.001,3.28,3.4222,0.0,0.1451,14.06,19.83
4,530,590,0.058,0.058,0.0001,0.001,2.7828,3.4194,0.2213,0.1459,32.81,19.86
4,540,590,0.056,0.058,0.0001,0.001,3.241,3.4153,0.0282,0.1457,18.75,19.92
4,550,590,0.057,0.058,0.0001,0.001,3.3755,3.4107,0.1831,0.1459,23.44,19.97
4,560,590,0.058,0.058,0.0001,0.001,2.9557,3.4064,0.0,0.1459,34.38,20.07
4,570,590,0.058,0.058,0.0001,0.001,3.4556,3.4061,0.2259,0.1469,18.75,20.09
4,580,590,0.059,0.058,0.0001,0.0009,3.3068,3.4039,0.1505,0.1472,25.0,20.14
4,590,590,0.052,0.058,0.0,0.0009,3.0089,3.402,0.0925,0.1469,26.56,20.15
5,10,590,0.058,0.08,0.0001,0.0228,2.7395,3.1375,0.0745,0.1141,34.38,27.03
5,20,590,0.055,0.068,0.0002,0.0115,2.6448,3.0729,0.0672,0.1415,37.5,27.81
5,30,590,0.057,0.064,0.0001,0.0077,3.1507,3.1123,0.0294,0.1461,23.44,26.46
5,40,590,0.055,0.062,0.0001,0.0058,3.2365,3.1176,0.1809,0.1618,26.56,25.62
5,50,590,0.056,0.06,0.0001,0.0046,3.2408,3.1226,0.0548,0.1552,28.12,25.56
5,60,590,0.058,0.06,0.0001,0.0039,3.396,3.1255,0.1873,0.1536,20.31,25.36
5,70,590,0.058,0.059,0.0001,0.0033,3.2175,3.1262,0.0188,0.148,25.0,25.31
5,80,590,0.055,0.059,0.0001,0.0029,2.8899,3.1348,0.1204,0.1447,28.12,25.06
5,90,590,0.058,0.059,0.0001,0.0026,3.4164,3.1281,0.1164,0.1461,15.62,24.84
5,100,590,0.058,0.058,0.0001,0.0023,2.9902,3.12,0.335,0.1476,28.12,25.05
5,110,590,0.056,0.058,0.0001,0.0021,3.6048,3.1293,0.1123,0.1437,12.5,24.63
5,120,590,0.055,0.058,0.0001,0.002,3.0213,3.1318,0.2593,0.1469,28.12,24.57
5,130,590,0.059,0.058,0.0001,0.0018,3.1579,3.1313,0.1045,0.1464,21.88,24.52
5,140,590,0.055,0.058,0.0001,0.0017,3.0549,3.1238,0.1533,0.1477,29.69,24.77
5,150,590,0.058,0.058,0.0001,0.0016,2.992,3.113,0.2557,0.147,31.25,25.08
5,160,590,0.055,0.058,0.0001,0.0015,3.29,3.1075,0.0976,0.1491,26.56,25.22
5,170,590,0.058,0.058,0.0001,0.0014,3.1123,3.1105,0.1181,0.1492,25.0,25.13
5,180,590,0.057,0.058,0.0001,0.0013,3.1465,3.1073,0.2192,0.1492,25.0,25.14
5,190,590,0.058,0.058,0.0001,0.0013,2.9978,3.0991,0.0574,0.1462,25.0,25.22
5,200,590,0.059,0.058,0.0001,0.0012,3.2452,3.0981,0.2229,0.1491,18.75,25.29
5,210,590,0.056,0.058,0.0001,0.0012,2.9709,3.105,0.25,0.1505,28.12,25.15
5,220,590,0.056,0.058,0.0001,0.0011,3.0465,3.1015,0.3342,0.1506,23.44,25.12
5,230,590,0.057,0.058,0.0001,0.0011,3.1916,3.099,0.018,0.1498,17.19,25.14
5,240,590,0.058,0.058,0.0001,0.001,2.8574,3.0951,0.0421,0.1496,20.31,25.19
5,250,590,0.057,0.058,0.0001,0.001,3.0103,3.0896,0.2074,0.1506,28.12,25.31
5,260,590,0.058,0.058,0.0001,0.0009,2.8143,3.0839,0.4146,0.1502,34.38,25.39
5,270,590,0.057,0.057,0.0001,0.0009,3.0938,3.0795,0.0733,0.1489,26.56,25.46
5,280,590,0.057,0.057,0.0001,0.0009,2.9137,3.0766,0.1598,0.1482,31.25,25.52
5,290,590,0.057,0.057,0.0001,0.0009,3.0315,3.0782,0.2237,0.1473,28.12,25.47
5,300,590,0.062,0.057,0.0001,0.0008,2.844,3.0734,0.1275,0.1467,31.25,25.56
5,310,590,0.057,0.057,0.0001,0.0008,2.9751,3.0713,0.0923,0.1464,25.0,25.58
5,320,590,0.056,0.057,0.0001,0.0008,3.2866,3.0703,0.4748,0.1477,29.69,25.62
5,330,590,0.059,0.057,0.0001,0.0008,3.0666,3.0684,0.0905,0.1493,26.56,25.66
5,340,590,0.055,0.057,0.0001,0.0007,2.9683,3.0656,0.1124,0.1483,25.0,25.7
5,350,590,0.057,0.057,0.0001,0.0007,3.1609,3.0657,0.0662,0.1475,25.0,25.64
5,360,590,0.058,0.057,0.0001,0.0007,2.9441,3.0648,0.2372,0.1472,29.69,25.67
5,370,590,0.055,0.057,0.0001,0.0007,2.7422,3.062,0.3035,0.1478,26.56,25.66
5,380,590,0.058,0.057,0.0001,0.0007,2.6718,3.0578,0.2084,0.1471,39.06,25.74
5,390,590,0.058,0.057,0.0001,0.0007,2.9417,3.0554,0.1383,0.1472,29.69,25.75
5,400,590,0.058,0.057,0.0001,0.0006,2.7928,3.0511,0.1285,0.1472,34.38,25.83
5,410,590,0.059,0.057,0.0001,0.0006,3.0229,3.0492,0.4009,0.1465,25.0,25.84
5,420,590,0.058,0.057,0.0001,0.0006,3.0963,3.05,0.0515,0.1461,26.56,25.82
5,430,590,0.058,0.057,0.0001,0.0006,2.9862,3.0492,0.1617,0.1459,23.44,25.83
5,440,590,0.058,0.057,0.0001,0.0006,3.1831,3.0466,0.1539,0.1482,28.12,25.92
5,450,590,0.057,0.057,0.0001,0.0006,2.9967,3.0439,0.168,0.1487,26.56,25.92
5,460,590,0.058,0.057,0.0001,0.0006,2.6891,3.0404,0.0815,0.1484,31.25,25.96
5,470,590,0.058,0.057,0.0001,0.0006,2.9577,3.035,0.3485,0.148,25.0,25.99
5,480,590,0.057,0.057,0.0001,0.0005,3.2807,3.0316,0.1008,0.1482,18.75,26.04
5,490,590,0.058,0.057,0.0001,0.0005,2.914,3.03,0.1872,0.149,29.69,26.09
5,500,590,0.058,0.057,0.0001,0.0005,2.9944,3.0267,0.1866,0.1483,31.25,26.2
5,510,590,0.057,0.057,0.0001,0.0005,2.9016,3.0246,0.0,0.1473,28.12,26.27
5,520,590,0.06,0.057,0.0001,0.0005,3.2983,3.0244,0.3569,0.1475,9.38,26.22
5,530,590,0.057,0.057,0.0001,0.0005,2.9374,3.0233,0.0955,0.1473,28.12,26.2
5,540,590,0.055,0.057,0.0001,0.0005,2.8284,3.0189,0.1855,0.1469,40.62,26.32
5,550,590,0.057,0.057,0.0001,0.0005,2.9028,3.0157,0.0098,0.148,23.44,26.36
5,560,590,0.058,0.057,0.0001,0.0005,2.7884,3.0134,0.1483,0.1484,26.56,26.38
5,570,590,0.057,0.057,0.0001,0.0005,2.996,3.0107,0.1098,0.1483,21.88,26.42
5,580,590,0.058,0.057,0.0001,0.0005,2.7724,3.0059,0.1099,0.1483,32.81,26.53
5,590,590,0.052,0.057,0.0,0.0005,2.7832,3.004,0.106,0.1488,31.25,26.55
6,10,590,0.058,0.08,0.0001,0.0216,2.8549,2.7496,0.1677,0.1754,28.12,32.81
6,20,590,0.055,0.068,0.0001,0.0108,2.8731,2.7588,0.1331,0.1549,29.69,30.55
6,30,590,0.057,0.064,0.0001,0.0073,2.7634,2.7444,0.1937,0.1611,28.12,30.62
6,40,590,0.057,0.062,0.0001,0.0055,2.9242,2.7375,0.0858,0.1531,28.12,31.02
6,50,590,0.058,0.061,0.0001,0.0044,2.9329,2.7669,0.2881,0.1479,29.69,30.97
6,60,590,0.055,0.06,0.0001,0.0037,2.5987,2.7501,0.0408,0.1491,28.12,31.04
6,70,590,0.055,0.059,0.0001,0.0031,2.7333,2.7515,0.1644,0.1471,35.94,31.09
6,80,590,0.055,0.059,0.0001,0.0028,2.7805,2.7586,0.0049,0.1487,29.69,30.92
6,90,590,0.056,0.059,0.0001,0.0025,2.8929,2.7643,0.1063,0.1455,28.12,30.71
6,100,590,0.054,0.058,0.0001,0.0022,2.2486,2.7556,0.2337,0.1456,39.06,30.73
6,110,590,0.055,0.058,0.0001,0.002,2.2981,2.7421,0.3588,0.1503,40.62,31.15
6,120,590,0.055,0.058,0.0001,0.0019,2.824,2.7434,0.133,0.1491,31.25,31.17
6,130,590,0.055,0.058,0.0001,0.0017,2.7294,2.7435,0.6162,0.1541,28.12,31.07
6,140,590,0.055,0.058,0.0001,0.0016,2.5372,2.7488,0.0782,0.1516,39.06,31.05
6,150,590,0.058,0.058,0.0001,0.0015,2.5798,2.7493,0.1355,0.1503,43.75,31.09
6,160,590,0.065,0.058,0.0001,0.0014,2.9089,2.7496,0.0907,0.1481,20.31,31.0
6,170,590,0.057,0.058,0.0001,0.0013,2.6311,2.7499,0.1091,0.1513,29.69,30.95
6,180,590,0.057,0.057,0.0001,0.0013,2.5242,2.7467,0.2008,0.1521,35.94,31.09
6,190,590,0.058,0.057,0.0001,0.0012,2.8792,2.7431,0.2809,0.1525,26.56,31.08
6,200,590,0.055,0.057,0.0001,0.0011,2.6293,2.7424,0.0779,0.1509,42.19,31.03
6,210,590,0.055,0.057,0.0001,0.0011,2.8817,2.7436,0.0754,0.1495,31.25,30.94
6,220,590,0.058,0.057,0.0001,0.0011,2.5177,2.7441,0.2064,0.1492,37.5,30.94
6,230,590,0.057,0.057,0.0001,0.001,2.5264,2.7453,0.1859,0.1508,42.19,30.97
6,240,590,0.057,0.057,0.0001,0.001,3.0652,2.7456,0.0257,0.1498,28.12,31.04
6,250,590,0.057,0.057,0.0001,0.0009,2.4657,2.7416,0.0974,0.1515,35.94,31.14
6,260,590,0.057,0.057,0.0001,0.0009,2.6355,2.7435,0.0425,0.1507,21.88,30.97
6,270,590,0.055,0.057,0.0001,0.0009,2.6025,2.7355,0.1994,0.1499,29.69,31.08
6,280,590,0.057,0.057,0.0001,0.0008,2.4422,2.7336,0.1323,0.1487,29.69,31.07
6,290,590,0.055,0.057,0.0001,0.0008,2.4899,2.7328,0.1023,0.1476,34.38,31.09
6,300,590,0.055,0.057,0.0001,0.0008,2.8402,2.7299,0.2093,0.1472,29.69,31.09
6,310,590,0.057,0.057,0.0001,0.0008,2.4218,2.7271,0.1381,0.1463,34.38,31.17
6,320,590,0.058,0.057,0.0001,0.0007,2.816,2.7275,0.1982,0.1466,21.88,31.2
6,330,590,0.058,0.057,0.0001,0.0007,2.9173,2.727,0.0827,0.1467,32.81,31.24
6,340,590,0.058,0.057,0.0001,0.0007,2.3563,2.7267,0.1586,0.1475,42.19,31.27
6,350,590,0.057,0.057,0.0001,0.0007,2.5695,2.7242,0.0311,0.1463,35.94,31.35
6,360,590,0.058,0.057,0.0001,0.0007,2.0912,2.7255,0.1361,0.1466,50.0,31.33
6,370,590,0.058,0.057,0.0001,0.0007,2.7315,2.7238,0.2271,0.1478,40.62,31.36
6,380,590,0.057,0.057,0.0001,0.0006,2.6049,2.7212,0.0459,0.1474,34.38,31.47
6,390,590,0.057,0.057,0.0001,0.0006,2.6891,2.7207,0.1967,0.1487,29.69,31.45
6,400,590,0.058,0.057,0.0001,0.0006,2.8323,2.72,0.2552,0.1488,26.56,31.45
6,410,590,0.057,0.057,0.0001,0.0006,2.7879,2.7189,0.2925,0.1495,37.5,31.51
6,420,590,0.057,0.057,0.0001,0.0006,3.1121,2.7155,0.1487,0.1483,28.12,31.58
6,430,590,0.058,0.057,0.0001,0.0006,2.2806,2.7134,0.0979,0.1474,43.75,31.62
6,440,590,0.057,0.057,0.0001,0.0006,2.5297,2.7097,0.215,0.1472,37.5,31.74
6,450,590,0.057,0.057,0.0001,0.0005,2.5022,2.7082,0.1007,0.1461,35.94,31.77
6,460,590,0.058,0.057,0.0001,0.0005,2.4566,2.7047,0.3919,0.1468,35.94,31.83
6,470,590,0.057,0.057,0.0001,0.0005,2.862,2.7045,0.0663,0.1462,34.38,31.81
6,480,590,0.057,0.057,0.0001,0.0005,2.4298,2.7024,0.0248,0.1453,34.38,31.89
6,490,590,0.06,0.057,0.0001,0.0005,2.8283,2.7034,0.1495,0.145,28.12,31.82
6,500,590,0.057,0.057,0.0001,0.0005,2.5568,2.7,0.4082,0.1458,34.38,31.88
6,510,590,0.057,0.057,0.0001,0.0005,2.6776,2.6975,0.0885,0.1458,32.81,31.89
6,520,590,0.058,0.057,0.0001,0.0005,2.4781,2.6944,0.1689,0.1453,34.38,31.94
6,530,590,0.059,0.057,0.0001,0.0005,2.7932,2.692,0.3592,0.1458,31.25,31.97
6,540,590,0.057,0.057,0.0001,0.0005,2.7365,2.69,0.2333,0.1451,29.69,32.03
6,550,590,0.058,0.057,0.0001,0.0005,2.5404,2.6877,0.0605,0.1452,37.5,32.14
6,560,590,0.057,0.057,0.0001,0.0005,2.7089,2.6857,0.1279,0.145,34.38,32.16
6,570,590,0.057,0.057,0.0001,0.0004,2.5683,2.6836,0.1329,0.1452,39.06,32.2
6,580,590,0.057,0.057,0.0001,0.0004,2.5821,2.6818,0.0452,0.1443,26.56,32.21
6,590,590,0.052,0.057,0.0,0.0004,2.4806,2.6795,0.0692,0.1443,34.38,32.25
7,10,590,0.055,0.08,0.0001,0.022,2.3346,2.388,0.2501,0.1341,39.06,38.28
7,20,590,0.057,0.068,0.0001,0.0111,2.6121,2.4509,0.1763,0.1469,26.56,36.09
7,30,590,0.055,0.064,0.0001,0.0074,2.615,2.4673,0.03,0.1403,35.94,35.78
7,40,590,0.058,0.062,0.0001,0.0056,2.5047,2.4706,0.2702,0.1492,37.5,35.66
7,50,590,0.058,0.061,0.0001,0.0045,2.7378,2.4699,0.2013,0.149,26.56,35.81
7,60,590,0.055,0.06,0.0002,0.0037,2.0734,2.4435,0.1179,0.145,42.19,36.3
7,70,590,0.055,0.059,0.0001,0.0032,2.26,2.4393,0.2958,0.1462,42.19,36.54
7,80,590,0.057,0.059,0.0001,0.0028,2.2609,2.4441,0.2956,0.1485,48.44,36.8
7,90,590,0.058,0.059,0.0001,0.0025,2.6072,2.4404,0.0944,0.1457,34.38,36.86
7,100,590,0.058,0.059,0.0002,0.0023,2.8293,2.4506,0.1122,0.1464,28.12,36.64
7,110,590,0.057,0.058,0.0001,0.0021,2.754,2.4493,0.1351,0.1464,31.25,36.69
7,120,590,0.055,0.058,0.0001,0.0019,2.4933,2.4491,0.0172,0.1451,34.38,36.68
7,130,590,0.057,0.058,0.0002,0.0018,2.3132,2.4478,0.0179,0.1441,43.75,36.72
7,140,590,0.058,0.058,0.0001,0.0017,2.1522,2.4555,0.3021,0.1441,43.75,36.58
7,150,590,0.057,0.058,0.0001,0.0016,2.2831,2.4457,0.0728,0.1419,37.5,36.72
7,160,590,0.057,0.058,0.0001,0.0015,2.1613,2.4387,0.2264,0.141,45.31,37.01
7,170,590,0.058,0.058,0.0001,0.0014,2.246,2.4381,0.0672,0.1403,31.25,36.97
7,180,590,0.055,0.058,0.0002,0.0013,2.6026,2.4389,0.1694,0.1409,26.56,36.92
7,190,590,0.057,0.057,0.0002,0.0012,2.6174,2.4403,0.4287,0.1418,35.94,36.89
7,200,590,0.056,0.057,0.0001,0.0012,2.6029,2.4362,0.2731,0.1412,32.81,36.9
7,210,590,0.058,0.057,0.0001,0.0011,2.4146,2.4369,0.1047,0.139,37.5,36.87
7,220,590,0.056,0.057,0.0001,0.0011,2.4073,2.4355,0.0592,0.1384,29.69,36.9
7,230,590,0.056,0.057,0.0002,0.001,2.5578,2.4372,0.0207,0.1385,31.25,36.88
7,240,590,0.055,0.057,0.0002,0.001,2.3858,2.4355,0.1135,0.1363,35.94,36.93
7,250,590,0.058,0.057,0.0002,0.001,2.0074,2.4353,0.0282,0.1371,46.88,37.04
7,260,590,0.057,0.057,0.0001,0.0009,2.5656,2.4326,0.0986,0.1361,28.12,37.09
7,270,590,0.058,0.057,0.0001,0.0009,2.6233,2.4344,0.3239,0.1365,35.94,37.04
7,280,590,0.055,0.057,0.0002,0.0009,2.0635,2.4326,0.1565,0.1375,45.31,37.09
7,290,590,0.058,0.057,0.0001,0.0008,2.6041,2.4324,0.2181,0.139,34.38,37.09
7,300,590,0.058,0.057,0.0001,0.0008,2.6249,2.4344,0.3821,0.1407,31.25,36.94
7,310,590,0.058,0.057,0.0001,0.0008,2.4457,2.4286,0.1991,0.1404,39.06,37.13
7,320,590,0.055,0.057,0.0001,0.0008,2.3611,2.4293,0.0724,0.1412,35.94,37.08
7,330,590,0.055,0.057,0.0001,0.0008,2.3482,2.433,0.4888,0.142,35.94,37.04
7,340,590,0.057,0.057,0.0001,0.0007,2.2955,2.4341,0.0358,0.1419,40.62,37.04
7,350,590,0.058,0.057,0.0001,0.0007,2.598,2.4346,0.0418,0.1417,42.19,37.08
7,360,590,0.057,0.057,0.0001,0.0007,2.4595,2.4335,0.0853,0.1425,32.81,37.07
7,370,590,0.055,0.057,0.0001,0.0007,2.2661,2.4313,0.2623,0.1413,40.62,37.05
7,380,590,0.057,0.057,0.0001,0.0007,2.5218,2.4299,0.19,0.1413,31.25,37.02
7,390,590,0.055,0.057,0.0001,0.0007,2.2718,2.4311,0.1975,0.1423,40.62,37.0
7,400,590,0.065,0.057,0.0001,0.0006,2.4967,2.4284,0.081,0.1419,35.94,37.09
7,410,590,0.055,0.057,0.0001,0.0006,2.2815,2.4268,0.0306,0.1419,40.62,37.13
7,420,590,0.057,0.057,0.0001,0.0006,2.1891,2.4259,0.0,0.1411,35.94,37.11
7,430,590,0.055,0.057,0.0001,0.0006,2.5861,2.426,0.0146,0.1422,28.12,37.14
7,440,590,0.057,0.057,0.0001,0.0006,2.2983,2.4247,0.1429,0.1425,35.94,37.19
7,450,590,0.057,0.057,0.0001,0.0006,2.1317,2.42,0.2156,0.1423,50.0,37.26
7,460,590,0.057,0.057,0.0001,0.0006,2.373,2.4192,0.0037,0.142,39.06,37.32
7,470,590,0.057,0.057,0.0001,0.0006,2.4148,2.4179,0.0424,0.1425,42.19,37.32
7,480,590,0.057,0.057,0.0001,0.0005,2.5084,2.4163,0.0484,0.1427,29.69,37.35
7,490,590,0.057,0.057,0.0001,0.0005,2.3685,2.4144,0.0261,0.1429,29.69,37.41
7,500,590,0.057,0.057,0.0001,0.0005,2.3044,2.4136,0.1433,0.1428,34.38,37.41
7,510,590,0.061,0.057,0.0001,0.0005,1.9996,2.4103,0.1088,0.1424,53.12,37.47
7,520,590,0.058,0.057,0.0001,0.0005,2.2127,2.4077,0.1553,0.1422,42.19,37.54
7,530,590,0.056,0.057,0.0001,0.0005,2.1925,2.407,0.0373,0.1427,48.44,37.5
7,540,590,0.057,0.057,0.0001,0.0005,2.33,2.4034,0.0882,0.1429,40.62,37.6
7,550,590,0.058,0.057,0.0001,0.0005,2.3196,2.403,0.1518,0.1438,40.62,37.59
7,560,590,0.058,0.057,0.0001,0.0005,2.248,2.4019,0.2368,0.1441,45.31,37.63
7,570,590,0.058,0.057,0.0001,0.0005,2.618,2.4012,0.055,0.1431,39.06,37.64
7,580,590,0.058,0.057,0.0001,0.0005,2.2035,2.3995,0.0927,0.1425,37.5,37.67
7,590,590,0.052,0.057,0.0,0.0005,2.0507,2.3976,0.0344,0.1426,50.0,37.71
8,10,590,0.057,0.081,0.0001,0.0244,2.3595,2.2197,0.0183,0.1043,28.12,40.47
8,20,590,0.058,0.069,0.0001,0.0122,2.197,2.1755,0.0167,0.1154,35.94,42.42
8,30,590,0.055,0.065,0.0001,0.0082,2.3271,2.1773,0.2247,0.1216,35.94,42.71
8,40,590,0.057,0.062,0.0001,0.0062,2.2855,2.1915,0.0915,0.1156,35.94,42.66
8,50,590,0.059,0.061,0.0001,0.0049,2.1094,2.191,0.199,0.1256,39.06,42.25
8,60,590,0.055,0.06,0.0001,0.0041,2.4137,2.197,0.2417,0.1359,40.62,42.37
8,70,590,0.055,0.06,0.0001,0.0036,2.5038,2.193,0.2837,0.1389,42.19,42.61
8,80,590,0.056,0.062,0.0001,0.0058,2.1535,2.2049,0.0881,0.1405,39.06,42.17
8,90,590,0.055,0.061,0.0001,0.0052,2.1538,2.2083,0.0517,0.1368,43.75,42.15
8,100,590,0.057,0.061,0.0001,0.0047,2.2077,2.2055,0.0994,0.1379,48.44,42.3
8,110,590,0.057,0.06,0.0001,0.0043,2.2727,2.2008,0.1733,0.1387,34.38,42.23
8,120,590,0.055,0.06,0.0001,0.0039,2.3005,2.1972,0.1797,0.1394,35.94,42.25
8,130,590,0.055,0.06,0.0001,0.0036,2.3464,2.2013,0.1002,0.1354,35.94,42.06
8,140,590,0.057,0.059,0.0001,0.0034,2.3035,2.1983,0.2109,0.1349,34.38,42.0
8,150,590,0.055,0.059,0.0001,0.0031,2.3887,2.1893,0.1964,0.135,39.06,42.27
8,160,590,0.057,0.059,0.0001,0.0029,2.5412,2.1925,0.0739,0.137,40.62,42.36
8,170,590,0.057,0.059,0.0001,0.0028,2.1268,2.1898,0.3329,0.137,43.75,42.43
8,180,590,0.057,0.059,0.0001,0.0026,2.2161,2.1911,0.2924,0.137,39.06,42.43
8,190,590,0.055,0.059,0.0001,0.0025,2.0428,2.1874,0.0445,0.1391,45.31,42.48
8,200,590,0.058,0.059,0.0001,0.0024,2.7794,2.1886,0.1213,0.1394,29.69,42.56
8,210,590,0.058,0.059,0.0001,0.0023,2.3094,2.1865,0.1182,0.1385,40.62,42.5
8,220,590,0.058,0.058,0.0001,0.0022,2.0783,2.1848,0.157,0.1394,46.88,42.51
8,230,590,0.058,0.058,0.0001,0.0021,1.9329,2.1853,0.0083,0.1376,46.88,42.45
8,240,590,0.057,0.058,0.0001,0.002,2.6157,2.1894,0.4389,0.1405,28.12,42.42
8,250,590,0.057,0.058,0.0001,0.0019,2.3031,2.1888,0.0287,0.1399,43.75,42.41
8,260,590,0.056,0.058,0.0001,0.0018,2.045,2.1841,0.1162,0.1392,46.88,42.49
8,270,590,0.055,0.058,0.0001,0.0018,2.35,2.1794,0.1131,0.1371,31.25,42.5
8,280,590,0.057,0.058,0.0001,0.0017,2.3072,2.1784,0.2031,0.1376,42.19,42.54
8,290,590,0.057,0.058,0.0001,0.0017,2.3887,2.1772,0.1647,0.1379,31.25,42.59
8,300,590,0.057,0.058,0.0001,0.0016,2.3015,2.1761,0.15,0.1364,46.88,42.62
8,310,590,0.057,0.058,0.0001,0.0016,2.1436,2.1753,0.2074,0.138,34.38,42.63
8,320,590,0.057,0.058,0.0001,0.0015,2.316,2.1749,0.1678,0.1398,39.06,42.62
8,330,590,0.057,0.058,0.0001,0.0015,1.9866,2.176,0.0108,0.1394,53.12,42.6
8,340,590,0.058,0.058,0.0001,0.0014,2.1178,2.1772,0.0911,0.139,45.31,42.55
8,350,590,0.059,0.058,0.0001,0.0014,2.1836,2.1757,0.0835,0.1379,35.94,42.57
8,360,590,0.058,0.058,0.0001,0.0014,1.7958,2.1767,0.0,0.1367,51.56,42.53
8,370,590,0.058,0.058,0.0001,0.0013,2.3373,2.1783,0.1324,0.1359,37.5,42.49
8,380,590,0.057,0.058,0.0001,0.0013,2.6946,2.1786,0.1974,0.1357,28.12,42.45
8,390,590,0.057,0.058,0.0001,0.0013,2.2715,2.1766,0.1744,0.1359,45.31,42.37
8,400,590,0.057,0.058,0.0001,0.0012,2.0057,2.1779,0.1762,0.135,45.31,42.34
8,410,590,0.057,0.058,0.0001,0.0012,2.2089,2.1751,0.2058,0.1354,39.06,42.36
8,420,590,0.057,0.058,0.0001,0.0012,2.0151,2.1739,0.2096,0.1348,43.75,42.37
8,430,590,0.057,0.058,0.0001,0.0011,2.1629,2.1734,0.1226,0.1353,45.31,42.42
8,440,590,0.058,0.058,0.0001,0.0011,1.9725,2.174,0.1732,0.136,50.0,42.4
8,450,590,0.057,0.058,0.0001,0.0011,2.3367,2.1769,0.0828,0.1358,42.19,42.35
8,460,590,0.057,0.058,0.0001,0.0011,2.2569,2.1759,0.1331,0.1351,42.19,42.38
8,470,590,0.055,0.058,0.0001,0.0011,1.9296,2.1739,0.1297,0.1346,40.62,42.39
8,480,590,0.056,0.058,0.0001,0.001,2.2076,2.1709,0.2013,0.1344,42.19,42.43
8,490,590,0.057,0.058,0.0001,0.001,2.0109,2.171,0.1195,0.1344,45.31,42.39
8,500,590,0.057,0.058,0.0001,0.001,1.8452,2.1685,0.0935,0.1339,48.44,42.41
8,510,590,0.057,0.058,0.0001,0.001,2.3891,2.1676,0.1595,0.1334,40.62,42.45
8,520,590,0.057,0.058,0.0001,0.001,2.0795,2.1668,0.1696,0.1338,45.31,42.45
8,530,590,0.057,0.058,0.0001,0.0009,1.8013,2.1676,0.0833,0.1334,48.44,42.44
8,540,590,0.058,0.058,0.0001,0.0009,2.1859,2.1647,0.1132,0.1326,40.62,42.5
8,550,590,0.057,0.058,0.0001,0.0009,2.3714,2.1645,0.1683,0.1329,40.62,42.54
8,560,590,0.065,0.077,0.0001,0.02,2.0189,2.1614,0.0,0.1326,39.06,42.61
8,570,590,0.057,0.077,0.0001,0.0197,2.1784,2.1588,0.4443,0.1332,40.62,42.68
8,580,590,0.057,0.076,0.0001,0.0194,2.0839,2.1578,0.0884,0.1336,51.56,42.72
8,590,590,0.053,0.076,0.0,0.019,2.107,2.1557,0.1584,0.1339,50.0,42.78
9,10,590,0.058,0.081,0.0001,0.0239,2.0095,1.9764,0.1235,0.0968,48.44,46.56
9,20,590,0.057,0.069,0.0002,0.012,2.0258,2.0091,0.1532,0.1176,51.56,46.17
9,30,590,0.057,0.064,0.0001,0.008,1.8422,1.9799,0.2459,0.1229,50.0,46.35
9,40,590,0.055,0.062,0.0001,0.006,2.2107,1.9812,0.158,0.1249,43.75,46.48
9,50,590,0.055,0.061,0.0001,0.0048,1.8895,1.9877,0.0327,0.1231,48.44,46.5
9,60,590,0.056,0.06,0.0001,0.004,2.1163,2.0098,0.0442,0.1221,45.31,45.96
9,70,590,0.057,0.06,0.0001,0.0035,2.192,2.0165,0.0014,0.1132,42.19,45.87
9,80,590,0.055,0.059,0.0001,0.0031,2.3817,2.0131,0.0886,0.1268,37.5,46.05
9,90,590,0.058,0.059,0.0001,0.0027,2.057,2.0129,0.1305,0.1309,40.62,45.76
9,100,590,0.057,0.059,0.0001,0.0025,2.1056,2.0116,0.1346,0.1315,43.75,45.86
9,110,590,0.055,0.059,0.0001,0.0022,1.8325,1.998,0.0681,0.1295,51.56,46.24
9,120,590,0.057,0.058,0.0001,0.0021,2.1496,1.998,0.148,0.1354,42.19,46.33
9,130,590,0.059,0.058,0.0001,0.0019,2.0272,1.9938,0.0283,0.1362,42.19,46.41
9,140,590,0.055,0.058,0.0001,0.0018,2.3434,1.9977,0.209,0.1391,37.5,46.25
9,150,590,0.055,0.058,0.0001,0.0017,1.9406,2.0033,0.0888,0.14,50.0,46.23
9,160,590,0.055,0.058,0.0001,0.0016,2.1831,2.0042,0.1462,0.1385,43.75,46.28
9,170,590,0.055,0.058,0.0001,0.0015,1.8078,2.0,0.1624,0.1388,46.88,46.24
9,180,590,0.055,0.058,0.0001,0.0014,2.0193,2.0019,0.0685,0.1383,50.0,46.28
9,190,590,0.055,0.058,0.0001,0.0013,1.7412,1.9928,0.0914,0.1342,54.69,46.55
9,200,590,0.055,0.057,0.0001,0.0013,2.3543,1.9939,0.2153,0.1345,34.38,46.67
9,210,590,0.057,0.057,0.0001,0.0012,2.3782,1.9976,0.2091,0.1352,42.19,46.67
9,220,590,0.058,0.057,0.0001,0.0012,2.0862,2.0013,0.1524,0.1375,39.06,46.53
9,230,590,0.057,0.057,0.0001,0.0011,1.6909,1.9953,0.1035,0.1395,51.56,46.56
9,240,590,0.058,0.057,0.0001,0.0011,1.9399,1.9978,0.0735,0.1385,48.44,46.45
9,250,590,0.057,0.057,0.0001,0.001,1.975,2.0011,0.2784,0.1387,51.56,46.39
9,260,590,0.058,0.057,0.0001,0.001,1.6794,2.0031,0.1339,0.1383,56.25,46.3
9,270,590,0.057,0.057,0.0001,0.001,1.9683,2.0033,0.1383,0.1375,51.56,46.37
9,280,590,0.058,0.057,0.0001,0.0009,1.9768,2.0038,0.1495,0.1396,48.44,46.26
9,290,590,0.055,0.057,0.0001,0.0009,2.0923,2.0044,0.0626,0.1397,42.19,46.24
9,300,590,0.057,0.057,0.0001,0.0009,1.5261,2.005,0.225,0.1391,64.06,46.24
9,310,590,0.057,0.057,0.0001,0.0009,1.706,2.0025,0.1295,0.1391,50.0,46.33
9,320,590,0.057,0.057,0.0001,0.0008,1.734,2.0048,0.0728,0.1387,50.0,46.26
9,330,590,0.057,0.057,0.0001,0.0008,1.892,2.0003,0.2637,0.1389,51.56,46.35
9,340,590,0.057,0.057,0.0001,0.0008,1.9053,2.0007,0.0871,0.1385,50.0,46.36
9,350,590,0.059,0.057,0.0001,0.0008,1.6357,1.9997,0.16,0.1392,59.38,46.38
9,360,590,0.055,0.057,0.0001,0.0007,2.3013,1.9986,0.0939,0.1392,35.94,46.36
9,370,590,0.057,0.057,0.0001,0.0007,1.9833,1.9989,0.0581,0.1396,45.31,46.36
9,380,590,0.057,0.057,0.0001,0.0007,1.7221,1.9947,0.0,0.1383,46.88,46.44
9,390,590,0.057,0.057,0.0001,0.0007,1.477,1.9938,0.3569,0.1381,59.38,46.45
9,400,590,0.058,0.057,0.0001,0.0007,2.0749,1.9932,0.1601,0.1384,42.19,46.46
9,410,590,0.058,0.057,0.0001,0.0007,2.1253,1.9913,0.086,0.1389,46.88,46.52
9,420,590,0.057,0.057,0.0001,0.0007,1.8911,1.9924,0.1082,0.1385,54.69,46.53
9,430,590,0.057,0.057,0.0001,0.0006,1.6795,1.9902,0.1687,0.1382,51.56,46.54
9,440,590,0.058,0.057,0.0001,0.0006,1.8989,1.9895,0.1073,0.1386,42.19,46.55
9,450,590,0.055,0.057,0.0001,0.0006,2.0572,1.9886,0.1419,0.1397,43.75,46.58
9,460,590,0.057,0.057,0.0001,0.0006,1.994,1.9898,0.2923,0.1409,51.56,46.56
9,470,590,0.058,0.057,0.0001,0.0006,2.1952,1.9894,0.0615,0.1398,42.19,46.6
9,480,590,0.057,0.057,0.0001,0.0006,2.2934,1.9906,0.1563,0.1393,40.62,46.61
9,490,590,0.057,0.057,0.0001,0.0006,2.3145,1.9915,0.0415,0.1393,39.06,46.59
9,500,590,0.058,0.057,0.0001,0.0006,1.8654,1.9897,0.147,0.1391,53.12,46.67
9,510,590,0.058,0.057,0.0001,0.0005,1.8001,1.9905,0.0463,0.1393,50.0,46.66
9,520,590,0.057,0.057,0.0001,0.0005,1.8685,1.9926,0.089,0.1399,46.88,46.63
9,530,590,0.058,0.057,0.0001,0.0005,1.789,1.9913,0.1071,0.1391,48.44,46.64
9,540,590,0.058,0.057,0.0001,0.0005,1.9728,1.9891,0.0663,0.1391,45.31,46.65
9,550,590,0.058,0.057,0.0001,0.0005,1.766,1.9861,0.0875,0.139,57.81,46.75
9,560,590,0.058,0.057,0.0001,0.0005,1.4853,1.983,0.0299,0.1384,48.44,46.77
9,570,590,0.057,0.057,0.0001,0.0005,1.7959,1.9826,0.172,0.1395,48.44,46.78
9,580,590,0.058,0.057,0.0001,0.0005,2.3758,1.9828,0.2867,0.1393,31.25,46.74
9,590,590,0.052,0.057,0.0,0.0005,2.1665,1.9828,0.0816,0.139,43.75,46.75
10,10,590,0.055,0.079,0.0001,0.0221,2.0444,1.8789,0.1187,0.1151,45.31,50.0
10,20,590,0.057,0.068,0.0001,0.0111,1.7538,1.8615,0.0693,0.1264,54.69,49.53
10,30,590,0.055,0.064,0.0001,0.0074,1.9237,1.8289,0.3812,0.1243,48.44,49.9
10,40,590,0.055,0.062,0.0001,0.0056,2.4592,1.8474,0.2594,0.1322,32.81,49.69
10,50,590,0.057,0.061,0.0002,0.0045,1.8302,1.8608,0.1948,0.1327,45.31,49.34
10,60,590,0.055,0.06,0.0001,0.0038,1.7365,1.8575,0.0988,0.1351,51.56,49.64
10,70,590,0.055,0.059,0.0002,0.0032,1.978,1.8656,0.0753,0.1335,51.56,49.49
10,80,590,0.055,0.059,0.0001,0.0028,1.6284,1.8507,0.0847,0.134,51.56,49.79
10,90,590,0.058,0.059,0.0002,0.0025,1.4406,1.8475,0.0177,0.1333,57.81,50.0
10,100,590,0.055,0.058,0.0001,0.0023,1.8901,1.8544,0.2193,0.1379,54.69,49.86
10,110,590,0.116,0.059,0.0001,0.0021,2.0342,1.8545,0.0841,0.1356,53.12,50.2
10,120,590,0.055,0.058,0.0001,0.0019,1.7445,1.8483,0.0722,0.133,50.0,50.25
10,130,590,0.055,0.058,0.0001,0.0018,1.6934,1.8443,0.2029,0.1376,46.88,50.23
10,140,590,0.055,0.058,0.0001,0.0017,2.0711,1.8372,0.0129,0.1359,37.5,50.39
10,150,590,0.058,0.058,0.0001,0.0015,1.9646,1.839,0.0,0.1346,45.31,50.23
10,160,590,0.056,0.058,0.0001,0.0015,1.4755,1.8386,0.1628,0.1365,60.94,50.22
10,170,590,0.055,0.058,0.0001,0.0014,1.7697,1.8329,0.0793,0.1393,53.12,50.31
10,180,590,0.055,0.058,0.0001,0.0013,1.9571,1.833,0.1773,0.1382,46.88,50.31
10,190,590,0.055,0.058,0.0001,0.0012,1.9794,1.8309,0.0888,0.14,45.31,50.38
10,200,590,0.055,0.057,0.0001,0.0012,2.0941,1.8291,0.1616,0.1406,42.19,50.34
10,210,590,0.057,0.057,0.0001,0.0011,2.0907,1.8284,0.1389,0.1395,46.88,50.42
10,220,590,0.056,0.057,0.0001,0.0011,2.2382,1.8317,0.0215,0.1371,39.06,50.29
10,230,590,0.055,0.057,0.0001,0.001,1.8012,1.8334,0.0381,0.1363,45.31,50.14
10,240,590,0.057,0.057,0.0001,0.001,1.8278,1.8312,0.2181,0.1377,50.0,50.19
10,250,590,0.058,0.057,0.0001,0.001,1.795,1.8303,0.2834,0.136,46.88,50.24
10,260,590,0.055,0.057,0.0001,0.0009,1.6655,1.8299,0.1634,0.1371,54.69,50.26
10,270,590,0.058,0.057,0.0001,0.0009,2.1446,1.8328,0.0935,0.1377,40.62,50.13
10,280,590,0.055,0.057,0.0001,0.0009,1.8136,1.8381,0.2435,0.1394,53.12,50.03
10,290,590,0.055,0.057,0.0001,0.0008,1.4904,1.8356,0.0948,0.1382,59.38,50.11
10,300,590,0.057,0.057,0.0001,0.0008,1.7917,1.8346,0.1114,0.1386,56.25,50.15
10,310,590,0.057,0.057,0.0001,0.0008,2.3447,1.8344,0.012,0.1364,37.5,50.12
10,320,590,0.055,0.057,0.0001,0.0008,2.1862,1.8338,0.0697,0.1358,43.75,50.14
10,330,590,0.058,0.057,0.0001,0.0007,1.9542,1.8319,0.1734,0.1357,46.88,50.13
10,340,590,0.061,0.057,0.0001,0.0007,1.6303,1.8333,0.0282,0.1342,56.25,50.05
10,350,590,0.058,0.057,0.0001,0.0007,1.9598,1.8326,0.1087,0.1345,43.75,50.02
10,360,590,0.055,0.057,0.0001,0.0007,1.6574,1.8347,0.2451,0.1348,53.12,50.0
10,370,590,0.057,0.057,0.0001,0.0007,1.5377,1.8331,0.1044,0.136,60.94,50.01
10,380,590,0.057,0.057,0.0001,0.0006,1.7954,1.8354,0.0968,0.1371,57.81,50.02
10,390,590,0.057,0.057,0.0001,0.0006,1.6065,1.8344,0.0872,0.1366,56.25,50.01
10,400,590,0.058,0.057,0.0001,0.0006,1.7556,1.8346,0.2477,0.1367,54.69,49.98
10,410,590,0.057,0.057,0.0001,0.0006,1.8703,1.8347,0.1424,0.137,50.0,50.02
10,420,590,0.058,0.057,0.0001,0.0006,1.8379,1.8312,0.0,0.1375,54.69,50.08
10,430,590,0.062,0.057,0.0001,0.0006,2.3104,1.8334,0.1302,0.1386,31.25,50.03
10,440,590,0.057,0.057,0.0001,0.0006,1.6005,1.8344,0.1512,0.1384,60.94,50.0
10,450,590,0.057,0.057,0.0001,0.0006,1.7478,1.8321,0.1993,0.1377,50.0,50.07
10,460,590,0.057,0.057,0.0001,0.0005,1.9535,1.835,0.0353,0.1372,48.44,49.99
10,470,590,0.058,0.057,0.0001,0.0005,1.6308,1.8354,0.1658,0.1371,59.38,49.99
10,480,590,0.058,0.057,0.0001,0.0005,1.7811,1.8365,0.2723,0.1372,54.69,49.95
10,490,590,0.057,0.057,0.0001,0.0005,1.9993,1.8364,0.1806,0.1377,48.44,49.98
10,500,590,0.057,0.057,0.0002,0.0005,1.9505,1.8342,0.3455,0.1376,45.31,49.97
10,510,590,0.057,0.057,0.0001,0.0005,1.7696,1.8342,0.1378,0.1375,46.88,49.97
10,520,590,0.058,0.057,0.0002,0.0005,1.4131,1.8315,0.1098,0.1371,59.38,50.07
10,530,590,0.058,0.057,0.0001,0.0005,1.8355,1.831,0.2557,0.1378,53.12,50.08
10,540,590,0.057,0.057,0.0001,0.0005,1.7947,1.8321,0.1941,0.1374,45.31,50.08
10,550,590,0.058,0.057,0.0001,0.0005,1.9146,1.8296,0.1352,0.1374,54.69,50.18
10,560,590,0.057,0.057,0.0001,0.0005,1.8089,1.8294,0.1681,0.1379,56.25,50.19
10,570,590,0.058,0.057,0.0001,0.0005,1.9346,1.83,0.1517,0.1376,51.56,50.22
10,580,590,0.057,0.057,0.0002,0.0004,1.7401,1.8307,0.1337,0.1381,60.94,50.19
10,590,590,0.052,0.057,0.0,0.0004,2.0557,1.8309,0.1097,0.1381,43.75,50.17
